{"cameraMode":{"drawMode":0,"name":"Shaded","section":"Shading Mode"},"sceneLighting":true,"audioPlay":false,"sceneViewState":{"m_AlwaysRefresh":false,"showFog":true,"showSkybox":true,"showFlares":true,"showImageEffects":true,"showParticleSystems":true,"showVisualEffectGraphs":true,"m_FxEnabled":true},"in2DMode":false,"pivot":{"x":8.389670372009278,"y":3.018840789794922,"z":0.4189572334289551},"rotation":{"x":-0.030590541660785676,"y":0.9637225270271301,"z":-0.12648490071296693,"w":-0.23308813571929933},"size":16.739341735839845,"orthographic":true}